<?xml version="1.0" encoding="UTF-8"?>
<!-- @version		$Id: install.xml 4993 2017-06-22 21:29:00Z mic $ -->
<modification>
	<name>HubTalk - Live chat</name>
	<code>hubtalk</code>
	<version>1.0</version>
    <sver>3.x</sver>
	<author>HubTalk</author>
    <authorUrl>https://www.hubtalk.com</authorUrl>
    <authorEmail>contact@hubtalk.com</authorEmail>
    <link>https://www.hubtalk.com</link>
    <date>2017.06.22</date>
    <description>HubTalk - Live chat for your Opencast shop. https://www.hubtalk.com/integrations/opencart</description>
</modification>